{"num_layer": 1, "output_dim": 128, "max_degree": 12, "numbers": 0, "auc": 0.6883603426075451, "acc": 0.7066372568678564}